Code,Name,2013,2014,2015,2016,2017,2018,2019,2020,2021,2022
CONT-A,AFRICA,,,,,,,,,,
CONT-A01,Algeria,3.25,2.92,4.78,6.40,5.59,4.27,1.95,2.42,7.23,9.27
CONT-A02,Angola,8.78,7.28,9.35,30.70,29.84,19.63,17.08,22.27,25.75,
CONT-A03,Benin,0.43,-0.55,0.22,-0.79,1.77,0.64,-0.71,3.02,1.73,1.35
CONT-A04,Botswana,5.88,4.40,3.06,2.81,3.31,3.24,2.77,1.89,7.24,11.67
CONT-A05,Burkina Faso,0.53,-0.26,0.72,0.44,1.48,1.96,-3.23,1.88,3.65,14.29
CONT-A06,Burundi,7.94,4.41,5.54,5.56,16.05,-2.81,-0.69,7.32,8.40,18.80
CONT-A07,Cabo Verde,1.51,-0.24,0.13,-1.41,0.78,1.26,1.11,0.61,1.86,
CONT-A08,Cameroon,2.05,1.85,2.68,0.87,0.64,1.07,2.45,2.44,2.27,6.25
CONT-A09,Central African Rep.,6.99,14.90,1.40,4.95,4.18,1.61,2.69,1.71,4.26,5.58
CONT-A10,Chad,0.22,1.68,4.38,-0.79,-1.54,4.27,-0.97,4.46,-0.77,5.79
CONT-A11,Chile,1.79,4.72,4.35,3.79,2.18,2.43,2.56,3.05,4.52,11.64
CONT-A12,"Congo, Dem. Rep. of the",0.81,1.24,0.74,2.89,,,,,,
CONT-A13,Djibouti,2.71,1.34,-0.85,2.74,0.57,0.15,3.32,1.78,1.18,5.18
CONT-A14,"Egypt, Arab Rep. of",9.47,10.07,10.37,13.81,29.51,14.40,9.15,5.04,5.21,13.90
CONT-A15,"Equatorial Guinea, Rep. of",2.95,4.31,1.68,1.41,0.74,1.06,1.53,4.77,-0.10,4.79
CONT-A16,"Ethiopia, The Federal Dem. Rep. of",7.46,6.89,9.57,6.63,10.69,13.83,15.81,20.36,26.84,
CONT-A17,Gabon,0.51,4.69,-0.34,2.11,2.65,4.75,2.46,1.35,1.09,4.23
CONT-A18,"Gambia, The",5.70,5.95,6.81,7.23,8.03,6.52,7.12,5.93,7.37,11.51
CONT-A19,Ghana,11.67,15.49,17.15,17.45,12.37,7.81,7.14,9.89,9.97,31.26
CONT-A20,Guinea,11.89,6.15,11.78,8.17,8.91,9.83,9.47,10.60,12.60,10.49
CONT-A21,Kenya,5.72,6.88,6.58,6.30,8.01,4.69,5.24,5.40,6.11,7.66
CONT-A22,"Lesotho, Kingdom of",4.87,5.37,3.22,6.60,4.45,4.75,5.19,4.98,6.05,8.27
CONT-A23,Liberia,7.58,9.86,7.75,8.83,12.42,23.56,,,,
CONT-A24,Libya,2.61,,,,,,,,,
CONT-A25,"Madagascar, Rep. of",5.83,6.08,7.40,6.04,8.61,8.59,5.61,4.20,5.81,8.16
CONT-A26,Malawi,27.28,23.79,21.87,21.71,11.54,12.42,9.37,8.63,9.33,20.95
CONT-A27,Mali,-0.61,0.88,1.45,-1.80,1.76,0.30,-1.66,0.44,3.93,
CONT-A28,"Mauritania, Islamic Rep. of",4.13,3.53,3.25,1.47,2.25,3.07,2.30,2.39,3.57,9.53
CONT-A29,Mauritius,3.54,3.22,1.29,0.98,3.67,3.22,0.41,2.58,4.03,10.77
CONT-A30,Morocco,1.88,0.44,1.56,1.64,0.75,1.80,0.30,0.71,1.40,6.66
CONT-A31,"Mozambique, Rep. of",4.26,2.56,3.55,17.42,15.11,3.91,2.80,3.48,6.41,10.28
CONT-A32,Namibia,5.60,5.35,3.39,6.73,6.15,4.29,3.72,2.21,3.62,6.08
CONT-A33,Nigeria,8.50,8.05,9.01,15.70,16.50,12.10,11.40,13.25,16.95,18.85
CONT-A34,Rwanda,5.92,2.35,2.53,7.17,8.28,-0.31,3.35,9.85,-0.39,17.69
CONT-A35,Senegal,0.71,-1.09,0.14,0.84,1.32,0.46,1.76,2.54,2.18,9.70
CONT-A36,Seychelles,4.34,1.39,4.04,-1.02,2.86,3.70,2.07,8.28,,
CONT-A37,Sierra Leone,5.52,4.64,6.69,10.89,18.22,16.03,14.80,13.45,11.87,27.21
CONT-A38,Somalia,,,,0.02,3.96,4.27,4.71,4.11,4.62,6.78
CONT-A39,South Africa,5.78,6.13,4.54,6.57,5.18,4.52,4.12,3.21,4.61,7.04
CONT-A40,"South Sudan, Rep. of",-0.06,1.67,52.77,380.00,187.85,83.50,87.24,29.68,10.52,-6.69
CONT-A41,Sudan,36.52,36.91,16.91,17.75,32.35,63.29,50.99,163.26,359.09,138.81
CONT-A42,"Tanzania, United Rep. of",7.87,6.13,5.59,5.17,5.32,3.49,3.46,3.29,3.69,4.35
CONT-A43,Togo,1.83,0.19,2.59,1.29,-0.98,0.93,0.67,1.70,4.19,7.97
CONT-A44,Tunisia,5.32,4.63,4.44,3.63,5.31,7.31,6.72,5.63,5.71,8.31
CONT-A45,Uganda,4.91,3.08,5.59,5.71,5.21,2.62,2.87,3.31,2.20,7.20
CONT-A46,Zambia,6.98,7.81,10.11,17.87,6.58,7.49,9.15,15.73,22.02,10.99
CONT-A47,Zimbabwe,1.63,-0.20,-2.43,-1.54,0.89,10.62,255.30,557.20,98.55,104.71
CONT-B,ASIA,,,,,,,,,,
CONT-B01,"Afghanistan, Islamic Rep. of",7.39,4.67,-0.66,4.38,4.98,0.63,2.30,,,
CONT-B02,"Armenia, Rep. of",5.79,2.98,3.73,-1.40,0.97,2.52,1.44,1.21,7.18,8.64
CONT-B03,"Bahrain, Kingdom of",3.30,2.65,1.85,2.79,1.39,2.09,1.01,-2.32,-0.61,3.63
CONT-B04,Bangladesh,7.53,6.99,6.19,5.51,5.70,5.54,5.59,5.69,5.55,7.70
CONT-B05,Brunei Darussalam,0.39,-0.21,-0.49,-0.28,-1.26,1.03,-0.39,1.94,1.73,3.68
CONT-B06,"China, P.R.: Hong Kong",4.34,4.42,2.99,2.41,1.49,2.41,2.88,0.25,1.57,1.88
CONT-B07,"China, P.R.: Macao",5.50,6.05,4.56,2.37,1.23,3.00,2.75,0.81,0.03,1.05
CONT-B08,"China, P.R.: Mainland",2.62,1.92,1.44,2.00,1.59,2.07,2.90,2.42,0.98,1.97
CONT-B09,Iraq,,,,0.56,0.18,0.37,-0.20,0.57,6.04,4.99
CONT-B10,Jordan,4.82,2.90,-0.88,-0.78,3.32,4.46,0.76,0.33,1.35,4.23
CONT-B11,"Korea, Rep. of",1.30,1.27,0.71,0.97,1.94,1.48,0.38,0.54,2.50,5.09
CONT-B12,Kuwait,2.68,2.91,3.27,3.20,2.17,0.54,1.09,2.10,3.42,
CONT-B13,Kyrgyz Rep.,6.61,7.53,6.50,0.39,3.18,1.54,1.13,6.33,11.91,13.92
CONT-B14,Lao People's Dem. Rep.,6.37,4.13,1.28,1.60,0.83,2.04,3.32,5.10,3.76,22.96
CONT-B15,Lebanon,4.82,1.85,-3.75,-0.78,4.32,6.08,3.01,84.86,154.76,
CONT-B16,Maldives,3.81,2.12,0.95,0.50,2.82,-0.13,0.22,-1.37,0.54,2.33
CONT-B17,Mongolia,10.49,12.25,5.74,0.73,4.30,6.82,7.30,3.80,7.35,15.15
CONT-B18,Myanmar,5.64,4.95,9.45,6.93,4.57,6.87,8.83,,,
CONT-B19,Nepal,9.04,8.36,7.87,8.79,3.63,4.06,5.57,5.05,4.09,
CONT-B20,Oman,1.05,1.02,0.07,1.11,1.60,0.88,0.13,-0.90,1.55,2.81
CONT-B21,Pakistan,7.69,7.19,2.53,3.77,4.09,5.08,10.58,9.74,9.50,19.87
CONT-B22,Qatar,3.22,3.35,1.81,2.68,0.39,0.26,-0.67,-2.54,2.30,5.00
CONT-B23,Singapore,2.36,1.03,-0.52,-0.53,0.58,0.44,0.57,-0.18,2.30,6.12
CONT-B24,Sri Lanka,6.91,3.18,3.77,3.96,7.70,2.14,3.53,6.15,7.01,49.72
CONT-B25,"Tajikistan, Rep. of",5.01,6.10,5.71,6.00,,,,,,
CONT-B26,Thailand,2.18,1.90,-0.90,0.19,0.67,1.06,0.71,-0.85,1.23,6.08
CONT-B27,United Arab Emirates,1.10,2.35,4.07,1.62,1.97,3.07,-1.93,-2.08,-0.01,4.83
CONT-B28,"Uzbekistan, Rep. of",11.84,9.28,8.75,8.13,13.88,17.52,14.53,12.87,10.85,11.45
CONT-B29,Vietnam,6.59,4.08,0.63,2.67,3.52,3.54,2.80,3.22,1.83,3.16
CONT-B30,"Yemen, Rep. of",10.97,8.10,,,,,,,,
CONT-C,EUROPE,,,,,,,,,,
CONT-C01,Austria,2,1.61,0.9,0.89,2.08,2,1.53,1.38,2.77,8.55
CONT-C02,Belgium,1.11,0.34,0.56,1.97,2.13,2.05,1.44,0.74,2.44,9.6
CONT-C03,Bulgaria,0.89,-1.42,-0.10,-0.80,2.06,2.81,3.10,1.67,3.30,15.33
CONT-C04,"Croatia, Rep. of",2.22,-0.22,-0.46,-1.13,1.13,1.5,0.77,0.15,2.55,10.78
CONT-C05,Czech Rep.,1.44,0.34,0.31,0.68,2.45,2.15,2.85,3.16,3.84,15.1
CONT-C06,Denmark,0.79,0.56,0.45,0.25,1.15,0.81,0.76,0.42,1.85,7.7
CONT-C07,"Estonia, Rep. of",2.78,-0.11,-0.49,0.15,3.42,3.44,2.28,-0.44,4.65,19.4
CONT-C08,Finland,1.48,1.04,-0.21,0.36,0.75,1.08,1.02,0.29,2.19,7.12
CONT-C09,France,0.86,0.51,0.04,0.18,1.03,1.85,1.11,0.48,1.64,5.22
CONT-C10,Germany,1.5,0.91,0.51,0.49,1.51,1.73,1.45,0.14,3.07,6.87
CONT-C11,Greece,-0.92,-1.31,-1.74,-0.83,1.12,0.63,0.25,-1.25,1.22,9.65
CONT-C12,Hungary,1.73,-0.23,-0.06,0.39,2.35,2.85,3.34,3.33,5.11,14.61
CONT-C13,Iceland,3.87,2.04,1.63,1.7,1.76,2.68,3.01,2.85,4.44,8.31
CONT-C14,Ireland,0.51,0.18,-0.29,0.01,0.34,0.49,0.94,-0.33,2.36,7.81
CONT-C15,Italy,1.22,0.24,0.04,-0.09,1.23,1.14,0.61,-0.14,1.87,8.2
CONT-C16,Latvia,-0.03,0.62,0.17,0.14,2.93,2.53,2.81,0.22,3.28,17.31
CONT-C17,Lithuania,1.05,0.1,-0.88,0.91,3.72,2.7,2.33,1.2,4.68,19.71
CONT-C18,Luxembourg,1.73,0.63,0.47,0.29,1.73,1.53,1.74,0.82,2.53,6.34
CONT-C19,Montenegro,2.21,-0.71,1.55,-0.27,2.38,2.61,0.36,-0.26,2.41,13.04
CONT-C20,"Netherlands, The",2.51,0.98,0.6,0.32,1.38,1.7,2.63,1.27,2.68,10
CONT-C21,Norway,2.12,2.04,2.17,3.55,1.88,2.76,2.17,1.29,3.48,5.76
CONT-C22,"Poland, Rep. of",0.99,0.05,-0.87,-0.66,2.08,1.81,2.23,3.37,5.06,14.43
CONT-C23,Portugal,0.27,-0.28,0.49,0.61,1.37,0.99,0.34,-0.01,1.27,7.83
CONT-C24,Romania,3.98,1.07,-0.59,-1.54,1.34,4.63,3.83,2.63,5.05,13.8
CONT-C25,Russian Federation,6.75,7.82,15.53,7.04,3.68,2.88,4.47,3.38,6.69,
CONT-C26,"Serbia, Rep. of",7.69,2.08,1.39,1.12,3.13,1.96,1.85,1.58,4.09,11.98
CONT-C27,Spain,1.41,-0.15,-0.5,-0.2,1.96,1.67,0.7,-0.32,3.09,8.39
CONT-C28,Sweden,-0.04,-0.18,-0.05,0.98,1.79,1.95,1.78,0.5,2.16,8.37
CONT-C29,Switzerland,-0.22,-0.01,-1.14,-0.43,0.53,0.94,0.36,-0.73,0.58,2.84
CONT-C30,Ukraine,-0.24,12.07,48.7,13.91,14.44,10.95,7.89,2.73,9.36,20.18
CONT-C31,United Kingdom,2.29,1.45,0.37,1.01,2.56,2.29,1.74,0.99,2.52,7.92
CONT-D,OCEANIA,,,,,,,,,,
CONT-D01,Australia,2.45,2.49,1.51,1.28,1.95,1.91,1.61,0.85,2.86,6.59
CONT-D02,"Fiji, Rep. of",2.91,0.52,1.37,3.86,3.35,4.08,1.77,-2.6,0.16,4.52
CONT-D03,Kiribati,-1.49,2.1,0.57,1.92,0.36,0.56,-1.81,,,
CONT-D04,"Micronesia, Federated States of",1.75,0.65,-0.3,-1.04,0.58,1.5,1.92,0.55,3.19,5.41
CONT-D05,New Caledonia,1.28,0.18,0.57,0.58,,,,,,
CONT-D06,New Zealand,1.13,1.23,0.29,0.65,1.85,1.6,1.62,1.71,3.94,7.17
CONT-D07,Papua New Guinea,4.96,5.22,6,6.67,5.42,4.37,3.93,4.87,4.48,
CONT-D08,Samoa,0.61,-0.41,0.72,1.3,1.75,4.2,0.98,-1.57,3.13,10.96
CONT-D09,Solomon Islands,,,-0.57,0.51,0.49,3.46,1.63,2.96,-0.12,5.52
CONT-D10,Tonga,0.78,2.51,-1.05,2.58,7.52,5.03,1.18,-0.35,5.64,10.97
CONT-D11,Vanuatu,1.46,0.8,2.48,0.84,3.08,2.33,2.76,5.33,2.34,
CONT-E,NORTH AMERICA,,,,,,,,,,
CONT-E01,"Bahamas, The",0.72,1.51,1.86,-0.35,1.52,2.27,2.49,0.04,2.9,5.61
CONT-E02,Barbados,1.81,1.77,-1.11,1.28,4.66,3.67,4.1,,,
CONT-E03,Belize,0.51,1.2,-0.86,0.66,1.15,0.27,0.19,0.12,3.24,
CONT-E04,British Virgin Islands,,,,1.06,,,,,,
CONT-E05,Canada,0.94,1.91,1.13,1.43,1.6,2.27,1.95,0.72,3.4,6.8
CONT-E06,Costa Rica,5.23,4.52,0.8,-0.02,1.63,2.22,2.1,0.72,1.73,8.27
CONT-E07,Dominica,-0.05,0.8,-0.84,0.14,0.3,0.99,1.5,-0.73,,
CONT-E08,El Salvador,0.76,1.14,-0.73,0.6,1.01,1.09,0.08,-0.37,3.47,7.2
CONT-E09,Guatemala,4.34,3.42,2.39,4.45,4.42,3.75,3.7,3.21,4.26,6.89
CONT-E10,Haiti,4.77,3.44,6.73,11.5,10.68,12.48,18.7,22.8,16.84,33.98
CONT-E11,Honduras,5.16,6.13,3.16,2.72,3.93,4.35,4.37,3.47,4.48,9.09
CONT-E12,Jamaica,9.34,8.27,3.69,2.35,4.38,3.74,3.91,5.23,5.86,10.35
CONT-E13,Mexico,3.81,4.02,2.72,2.82,6.04,4.9,3.64,3.4,5.69,7.9
CONT-E14,Nicaragua,7.14,6.04,4,3.52,3.85,4.95,5.38,3.68,4.93,10.47
CONT-E15,Panama,4.03,2.63,0.14,0.74,0.88,0.76,-0.36,-1.55,1.63,2.86
CONT-E16,United States,1.46,1.62,0.12,1.26,2.13,2.44,1.81,1.23,4.7,8
CONT-F,SOUTH AMERICA,,,,,,,,,,
CONT-F01,Argentina,,,,,,34.28,53.55,42.02,48.41,72.43
CONT-F02,"Aruba, Kingdom of the Netherlands",-2.37,0.42,0.47,-0.93,-1.03,3.63,4.26,,,
CONT-F03,Bolivia,5.74,5.77,4.06,3.62,2.82,2.27,1.84,0.94,0.74,1.75
CONT-F04,Brazil,6.20,6.33,9.03,8.74,3.45,3.66,3.73,3.21,8.30,9.28
CONT-F05,Chile,1.79,4.72,4.35,3.79,2.18,2.43,2.56,3.05,4.52,11.64
CONT-F06,Colombia,2.02,2.9,4.99,7.51,4.31,3.24,3.52,2.53,3.5,10.18
CONT-F07,"Curaçao, Kingdom of the Netherlands",1.33,1.5,-0.48,-0.05,1.59,2.58,2.62,,,
CONT-F08,Ecuador,2.72,3.59,3.97,1.73,0.42,-0.22,0.27,-0.34,0.13,3.47
CONT-F09,Guyana,1.9,0.85,-1,0.84,1.9,1.28,2.09,0.99,5.03,
CONT-F10,Paraguay,2.68,5.03,3.13,4.09,3.6,3.98,2.76,1.77,4.79,9.77
CONT-F11,Suriname,1.92,3.38,6.89,55.41,22,,,34.89,59.12,52.45
CONT-F12,Trinidad and Tobago,5.2,5.68,4.66,3.07,1.88,1.02,1,0.6,2.06,
CONT-F13,Uruguay,8.58,8.88,8.67,9.64,6.22,7.61,7.88,9.76,7.75,9.1
CONT-F14,"Venezuela, Rep. Bolivariana de",40.64,62.17,121.74,254.95,,,,,,
